{"cameraMode":{"drawMode":0,"name":"Shaded","section":"Shading Mode"},"sceneLighting":false,"audioPlay":false,"sceneViewState":{"m_AlwaysRefresh":false,"showFog":true,"showSkybox":false,"showFlares":true,"showImageEffects":true,"showParticleSystems":true,"showVisualEffectGraphs":true,"m_FxEnabled":true},"in2DMode":false,"pivot":{"x":1.0395290851593018,"y":2.4251110553741457,"z":-17.587507247924806},"rotation":{"x":0.19808469712734223,"y":-0.03028045780956745,"z":0.006122392602264881,"w":0.9796983003616333},"size":3.645707845687866,"orthographic":false}