{"cameraMode":{"drawMode":0,"name":"Shaded","section":"Shading Mode"},"sceneLighting":false,"audioPlay":false,"sceneViewState":{"m_AlwaysRefresh":false,"showFog":true,"showSkybox":false,"showFlares":true,"showImageEffects":true,"showParticleSystems":true,"showVisualEffectGraphs":true,"m_FxEnabled":true},"in2DMode":false,"pivot":{"x":1.2432003021240235,"y":2.8730978965759279,"z":2.307718276977539},"rotation":{"x":0.15452389419078828,"y":-0.3344370126724243,"z":0.05568839609622955,"w":0.9279941320419312},"size":13.610657691955567,"orthographic":false}