{"cameraMode":{"drawMode":0,"name":"Shaded","section":"Shading Mode"},"sceneLighting":false,"audioPlay":false,"sceneViewState":{"m_AlwaysRefresh":false,"showFog":true,"showSkybox":false,"showFlares":true,"showImageEffects":true,"showParticleSystems":true,"showVisualEffectGraphs":true,"m_FxEnabled":true},"in2DMode":false,"pivot":{"x":0.010289013385772705,"y":0.7914223670959473,"z":-9.878894805908204},"rotation":{"x":0.2092103213071823,"y":-0.6333396434783936,"z":0.18349216878414155,"w":0.7221112251281738},"size":0.7666743397712708,"orthographic":false}